Cuenta_ID,Tipo,Saldo,Estado,Fecha_Apertura
1,Corriente,36546.96934037133,Inactiva,2015-01-01
2,Corriente,43240.38366967424,Activa,2015-01-02
3,Corriente,26993.737616916624,Activa,2015-01-03
4,Corriente,17105.949819205467,Inactiva,2015-01-04
5,Ahorro,43759.66758166989,Activa,2015-01-05
6,Corriente,13461.515966549698,Activa,2015-01-06
7,Ahorro,37790.09434572968,Inactiva,2015-01-07
8,Corriente,37964.132861813654,Inactiva,2015-01-08
9,Ahorro,17877.05192296369,Inactiva,2015-01-09
10,Corriente,2037.269746236975,Activa,2015-01-10
11,Corriente,1726.6692183678213,Activa,2015-01-11
12,Ahorro,40878.4516184088,Activa,2015-01-12
13,Ahorro,44831.687562597224,Activa,2015-01-13
14,Ahorro,32975.40779860938,Activa,2015-01-14
15,Corriente,21510.826526881367,Inactiva,2015-01-15
16,Ahorro,38897.299373203365,Inactiva,2015-01-16
17,Ahorro,16289.641701081959,Activa,2015-01-17
18,Ahorro,37952.46028139081,Activa,2015-01-18
19,Corriente,1572.8381397208002,Inactiva,2015-01-19
20,Corriente,5049.898495799982,Inactiva,2015-01-20
21,Ahorro,8682.028461224394,Activa,2015-01-21
22,Ahorro,27655.60878540551,Inactiva,2015-01-22
23,Corriente,9812.796925239858,Activa,2015-01-23
24,Ahorro,28839.128084447784,Activa,2015-01-24
25,Corriente,25821.15383374976,Inactiva,2015-01-25
26,Corriente,27488.187880813424,Activa,2015-01-26
27,Ahorro,47470.04870291392,Inactiva,2015-01-27
28,Corriente,11279.60217007129,Activa,2015-01-28
29,Ahorro,740.2941827415855,Inactiva,2015-01-29
30,Ahorro,47783.86023009934,Inactiva,2015-01-30
31,Corriente,37066.57037646414,Activa,2015-01-31
32,Corriente,20440.31949017779,Inactiva,2015-02-01
33,Ahorro,40928.45315352653,Inactiva,2015-02-02
34,Corriente,14498.850127962203,Activa,2015-02-03
35,Ahorro,9123.892166478836,Inactiva,2015-02-04
36,Ahorro,16992.487012426827,Activa,2015-02-05
37,Corriente,17057.119505366936,Inactiva,2015-02-06
38,Ahorro,43536.17987474932,Activa,2015-02-07
39,Corriente,4511.143830072844,Activa,2015-02-08
40,Ahorro,43831.13814705096,Activa,2015-02-09
41,Corriente,19500.465914268654,Inactiva,2015-02-10
42,Corriente,6070.578936188881,Inactiva,2015-02-11
43,Corriente,48274.0503991317,Inactiva,2015-02-12
44,Corriente,24283.05179137077,Inactiva,2015-02-13
45,Ahorro,17868.49479631835,Activa,2015-02-14
46,Corriente,45383.484955265514,Activa,2015-02-15
47,Corriente,41914.15745352576,Activa,2015-02-16
48,Ahorro,88.61896440406358,Inactiva,2015-02-17
49,Ahorro,41782.70448081165,Inactiva,2015-02-18
50,Ahorro,5762.736967859522,Activa,2015-02-19
51,Corriente,49580.77505659324,Activa,2015-02-20
52,Corriente,10521.652131990788,Inactiva,2015-02-21
53,Ahorro,39993.87801982282,Inactiva,2015-02-22
54,Ahorro,39383.34203996423,Activa,2015-02-23
55,Ahorro,12730.659733670664,Activa,2015-02-24
56,Ahorro,7653.421274524091,Activa,2015-02-25
57,Ahorro,46776.35644757393,Activa,2015-02-26
58,Ahorro,16467.052939567617,Inactiva,2015-02-27
59,Ahorro,20259.730800704885,Activa,2015-02-28
60,Corriente,48026.756529855964,Inactiva,2015-03-01
61,Corriente,46219.680117591684,Inactiva,2015-03-02
62,Ahorro,29290.283050865397,Activa,2015-03-03
63,Corriente,4295.124554071162,Activa,2015-03-04
64,Corriente,30260.171046590396,Inactiva,2015-03-05
65,Corriente,40555.14669960688,Inactiva,2015-03-06
66,Corriente,36098.11201352817,Activa,2015-03-07
67,Corriente,14408.797382307359,Inactiva,2015-03-08
68,Ahorro,29433.606528698892,Activa,2015-03-09
69,Corriente,13075.411102933122,Activa,2015-03-10
70,Ahorro,24557.4146388934,Activa,2015-03-11
71,Corriente,41946.47583230142,Inactiva,2015-03-12
72,Corriente,7862.044942973839,Inactiva,2015-03-13
73,Ahorro,37363.047811777156,Activa,2015-03-14
74,Corriente,40183.28560935517,Inactiva,2015-03-15
75,Ahorro,32559.43128747078,Activa,2015-03-16
76,Ahorro,3591.739187344961,Activa,2015-03-17
77,Ahorro,37604.43137859684,Activa,2015-03-18
78,Corriente,39719.07496086452,Activa,2015-03-19
79,Ahorro,41792.85526818772,Activa,2015-03-20
80,Ahorro,391.2249053786177,Activa,2015-03-21
81,Ahorro,17799.187311736154,Activa,2015-03-22
82,Corriente,8213.149809296689,Activa,2015-03-23
83,Ahorro,17445.499978638385,Activa,2015-03-24
84,Ahorro,17154.881550384125,Inactiva,2015-03-25
85,Corriente,12692.161136151248,Inactiva,2015-03-26
86,Corriente,45194.00203761717,Activa,2015-03-27
87,Corriente,12365.02679942097,Activa,2015-03-28
88,Ahorro,26323.277404403732,Activa,2015-03-29
89,Corriente,39397.16608221846,Activa,2015-03-30
90,Ahorro,2912.174165282416,Inactiva,2015-03-31
91,Ahorro,21504.605462661064,Inactiva,2015-04-01
92,Ahorro,46556.6912946756,Activa,2015-04-02
93,Ahorro,19216.478905321856,Inactiva,2015-04-03
94,Corriente,40029.75591135973,Activa,2015-04-04
95,Ahorro,41931.53023433913,Inactiva,2015-04-05
96,Ahorro,29619.915509910905,Activa,2015-04-06
97,Ahorro,4433.178575266627,Activa,2015-04-07
98,Ahorro,5028.919734038789,Activa,2015-04-08
99,Ahorro,27603.88425537006,Inactiva,2015-04-09
100,Corriente,33796.58087746479,Inactiva,2015-04-10
101,Ahorro,49350.23473398703,Activa,2015-04-11
102,Corriente,27420.00943071578,Inactiva,2015-04-12
103,Ahorro,23906.106247455667,Activa,2015-04-13
104,Corriente,27729.46843899287,Activa,2015-04-14
105,Corriente,39763.233600893225,Inactiva,2015-04-15
106,Ahorro,25262.045137154582,Activa,2015-04-16
107,Corriente,13658.129022845911,Activa,2015-04-17
108,Corriente,11199.59498276219,Inactiva,2015-04-18
109,Corriente,25139.800669928452,Inactiva,2015-04-19
110,Ahorro,27199.024730451176,Activa,2015-04-20
111,Ahorro,14611.28360096075,Inactiva,2015-04-21
112,Ahorro,6976.128339794468,Activa,2015-04-22
113,Corriente,34451.78927038862,Inactiva,2015-04-23
114,Corriente,9987.29438683052,Inactiva,2015-04-24
115,Ahorro,36338.26998454569,Inactiva,2015-04-25
116,Corriente,12123.581355952068,Inactiva,2015-04-26
117,Corriente,24568.710222108926,Inactiva,2015-04-27
118,Ahorro,23401.40867572629,Activa,2015-04-28
119,Corriente,9116.350896000597,Activa,2015-04-29
120,Ahorro,47481.86241978601,Activa,2015-04-30
121,Corriente,24143.628497584552,Activa,2015-05-01
122,Ahorro,10636.35029019761,Inactiva,2015-05-02
123,Corriente,34266.67828580577,Inactiva,2015-05-03
124,Corriente,23430.16552163187,Activa,2015-05-04
125,Ahorro,28877.569354075782,Activa,2015-05-05
126,Corriente,8473.492297131574,Inactiva,2015-05-06
127,Ahorro,18586.626271265926,Activa,2015-05-07
128,Ahorro,29197.59445025183,Inactiva,2015-05-08
129,Corriente,22039.393417753832,Inactiva,2015-05-09
130,Corriente,7627.144812459185,Activa,2015-05-10
131,Ahorro,2956.021214115456,Activa,2015-05-11
132,Corriente,23538.873405960807,Inactiva,2015-05-12
133,Corriente,19239.359715793613,Activa,2015-05-13
134,Corriente,15281.09725338097,Inactiva,2015-05-14
135,Corriente,49021.879780693125,Inactiva,2015-05-15
136,Ahorro,33007.4328645716,Activa,2015-05-16
137,Corriente,40135.59145413604,Activa,2015-05-17
138,Corriente,8077.425664510884,Activa,2015-05-18
139,Corriente,34271.83732473414,Activa,2015-05-19
140,Corriente,27310.570899304963,Inactiva,2015-05-20
141,Corriente,47143.24544767014,Activa,2015-05-21
142,Corriente,45123.757590175126,Activa,2015-05-22
143,Ahorro,1344.7314572562318,Inactiva,2015-05-23
144,Ahorro,29615.778095614944,Inactiva,2015-05-24
145,Ahorro,206.08272906642577,Activa,2015-05-25
146,Corriente,43431.65072709623,Activa,2015-05-26
147,Corriente,29964.806469539333,Inactiva,2015-05-27
148,Ahorro,21578.550210805857,Activa,2015-05-28
149,Corriente,36841.11613941066,Activa,2015-05-29
150,Ahorro,15900.08847772807,Activa,2015-05-30
151,Ahorro,13170.792649002355,Activa,2015-05-31
152,Ahorro,44200.14802247003,Activa,2015-06-01
153,Corriente,9299.917780772643,Inactiva,2015-06-02
154,Ahorro,27516.970768898675,Inactiva,2015-06-03
155,Ahorro,31140.140379918535,Inactiva,2015-06-04
156,Corriente,42688.756150561,Activa,2015-06-05
157,Ahorro,15106.468023259573,Inactiva,2015-06-06
158,Corriente,41180.36683886697,Inactiva,2015-06-07
159,Corriente,6325.149850002881,Inactiva,2015-06-08
160,Corriente,29997.110719274395,Inactiva,2015-06-09
161,Corriente,5035.007459620594,Inactiva,2015-06-10
162,Ahorro,36750.89225925823,Activa,2015-06-11
163,Corriente,22593.459012290667,Inactiva,2015-06-12
164,Corriente,7808.17447417938,Inactiva,2015-06-13
165,Ahorro,13053.02656037225,Activa,2015-06-14
166,Ahorro,36537.73203795061,Activa,2015-06-15
167,Corriente,13860.90744844945,Inactiva,2015-06-16
168,Ahorro,33489.39911343619,Activa,2015-06-17
169,Ahorro,1791.010916651714,Inactiva,2015-06-18
170,Ahorro,17755.65767478376,Activa,2015-06-19
171,Ahorro,46577.740721604874,Inactiva,2015-06-20
172,Corriente,43437.915300747445,Inactiva,2015-06-21
173,Ahorro,31463.22951669079,Activa,2015-06-22
174,Corriente,32173.23543731684,Inactiva,2015-06-23
175,Corriente,18075.74624057784,Inactiva,2015-06-24
176,Corriente,40309.27686278733,Inactiva,2015-06-25
177,Ahorro,14885.050910284759,Activa,2015-06-26
178,Ahorro,25689.717492207135,Activa,2015-06-27
179,Ahorro,47877.15051595173,Activa,2015-06-28
180,Ahorro,47893.543990243976,Inactiva,2015-06-29
181,Ahorro,8685.053595238029,Inactiva,2015-06-30
182,Corriente,3803.0919746528225,Inactiva,2015-07-01
183,Ahorro,6461.964154456651,Activa,2015-07-02
184,Corriente,40917.47299422567,Inactiva,2015-07-03
185,Corriente,29089.86748996216,Inactiva,2015-07-04
186,Ahorro,30368.534902660842,Inactiva,2015-07-05
187,Corriente,45360.588196770375,Inactiva,2015-07-06
188,Ahorro,3580.2500585705275,Inactiva,2015-07-07
189,Corriente,15789.74920645937,Inactiva,2015-07-08
190,Ahorro,38340.01974773761,Activa,2015-07-09
191,Corriente,40940.97831661301,Activa,2015-07-10
192,Ahorro,33303.13550794427,Activa,2015-07-11
193,Ahorro,13060.34207764748,Activa,2015-07-12
194,Ahorro,38035.04453050667,Activa,2015-07-13
195,Corriente,34188.76005485606,Inactiva,2015-07-14
196,Corriente,48658.683839306585,Inactiva,2015-07-15
197,Corriente,25454.901783720463,Activa,2015-07-16
198,Corriente,37984.65428013057,Inactiva,2015-07-17
199,Corriente,722.5208957809814,Activa,2015-07-18
200,Corriente,4429.637233755712,Inactiva,2015-07-19
201,Ahorro,16240.65557696484,Inactiva,2015-07-20
202,Corriente,30730.376313409157,Activa,2015-07-21
203,Corriente,28258.726996786627,Activa,2015-07-22
204,Ahorro,23042.085554163805,Inactiva,2015-07-23
205,Ahorro,7123.2200561369145,Inactiva,2015-07-24
206,Ahorro,46934.47765513874,Activa,2015-07-25
207,Ahorro,33477.95353490226,Inactiva,2015-07-26
208,Ahorro,12920.27091571098,Activa,2015-07-27
209,Corriente,40485.34090885888,Activa,2015-07-28
210,Ahorro,12499.214868604231,Activa,2015-07-29
211,Corriente,4675.442758408055,Inactiva,2015-07-30
212,Corriente,33416.33023855604,Activa,2015-07-31
213,Corriente,8366.514022090605,Activa,2015-08-01
214,Corriente,22673.455625796752,Activa,2015-08-02
215,Corriente,48637.91856980859,Activa,2015-08-03
216,Corriente,43078.49627016798,Activa,2015-08-04
217,Ahorro,48760.987576992135,Inactiva,2015-08-05
218,Corriente,45781.69315516154,Inactiva,2015-08-06
219,Ahorro,1642.407378810673,Inactiva,2015-08-07
220,Corriente,3894.519717830869,Inactiva,2015-08-08
221,Ahorro,12760.708972644414,Activa,2015-08-09
222,Ahorro,19264.569789148678,Activa,2015-08-10
223,Ahorro,12521.031034568952,Inactiva,2015-08-11
224,Corriente,2179.3288248216745,Activa,2015-08-12
225,Ahorro,16486.009342108733,Activa,2015-08-13
226,Corriente,23714.696393187023,Inactiva,2015-08-14
227,Ahorro,40232.17064574824,Inactiva,2015-08-15
228,Ahorro,9146.13170832515,Inactiva,2015-08-16
229,Ahorro,9853.879067753924,Inactiva,2015-08-17
230,Corriente,9856.29801011364,Activa,2015-08-18
231,Corriente,43083.20239937492,Inactiva,2015-08-19
232,Corriente,12015.143641842702,Inactiva,2015-08-20
233,Corriente,12177.45865127306,Inactiva,2015-08-21
234,Corriente,11014.937543090591,Activa,2015-08-22
235,Corriente,29186.86247083439,Activa,2015-08-23
236,Corriente,14924.728864234348,Activa,2015-08-24
237,Corriente,10860.573989929911,Activa,2015-08-25
238,Ahorro,7209.568983189512,Activa,2015-08-26
239,Corriente,27230.14772961731,Inactiva,2015-08-27
240,Ahorro,28825.235648880003,Inactiva,2015-08-28
241,Ahorro,7335.749881476372,Activa,2015-08-29
242,Ahorro,3761.0295113122083,Inactiva,2015-08-30
243,Corriente,35863.79290057902,Activa,2015-08-31
244,Corriente,16279.169822417072,Activa,2015-09-01
245,Ahorro,20827.072931637886,Inactiva,2015-09-02
246,Corriente,22365.1666198494,Activa,2015-09-03
247,Corriente,40369.770918495175,Activa,2015-09-04
248,Corriente,5028.206031048355,Inactiva,2015-09-05
249,Ahorro,33872.375985363076,Activa,2015-09-06
250,Ahorro,4135.854441479497,Inactiva,2015-09-07
251,Corriente,22473.918750953304,Inactiva,2015-09-08
252,Ahorro,46085.859831567,Activa,2015-09-09
253,Ahorro,47574.09586252158,Inactiva,2015-09-10
254,Corriente,30620.264569675353,Inactiva,2015-09-11
255,Corriente,32397.330214550107,Activa,2015-09-12
256,Ahorro,12492.691568651915,Activa,2015-09-13
257,Ahorro,34019.24504818774,Activa,2015-09-14
258,Ahorro,38359.352976492264,Activa,2015-09-15
259,Ahorro,16418.892967460048,Inactiva,2015-09-16
260,Ahorro,10406.024444280532,Inactiva,2015-09-17
261,Ahorro,2160.906072802793,Inactiva,2015-09-18
262,Ahorro,46112.42966375042,Activa,2015-09-19
263,Corriente,11490.08593337964,Inactiva,2015-09-20
264,Corriente,42988.27474633357,Inactiva,2015-09-21
265,Corriente,800.0555750312221,Inactiva,2015-09-22
266,Corriente,3962.7077011609226,Activa,2015-09-23
267,Ahorro,28016.30627586646,Inactiva,2015-09-24
268,Ahorro,6733.746867544238,Activa,2015-09-25
269,Corriente,4634.79118472348,Inactiva,2015-09-26
270,Ahorro,15721.791466831286,Inactiva,2015-09-27
271,Ahorro,33464.82393722387,Activa,2015-09-28
272,Ahorro,43015.32140833098,Inactiva,2015-09-29
273,Ahorro,47636.22741731113,Inactiva,2015-09-30
274,Corriente,27656.713281259665,Inactiva,2015-10-01
275,Ahorro,42192.78018084579,Inactiva,2015-10-02
276,Ahorro,6458.152560035274,Activa,2015-10-03
277,Ahorro,5792.028009941053,Activa,2015-10-04
278,Corriente,46426.727387166495,Activa,2015-10-05
279,Ahorro,16805.113939687206,Inactiva,2015-10-06
280,Corriente,10364.219173124922,Inactiva,2015-10-07
281,Ahorro,10141.413427328787,Activa,2015-10-08
282,Ahorro,28982.045859229565,Activa,2015-10-09
283,Ahorro,6684.380379079779,Inactiva,2015-10-10
284,Ahorro,40178.00795428263,Inactiva,2015-10-11
285,Corriente,15226.879484510959,Inactiva,2015-10-12
286,Ahorro,11367.038271039077,Activa,2015-10-13
287,Ahorro,7987.171571122259,Activa,2015-10-14
288,Corriente,13481.76703466698,Activa,2015-10-15
289,Ahorro,48569.27176591382,Inactiva,2015-10-16
290,Ahorro,20062.675839207954,Inactiva,2015-10-17
291,Ahorro,25909.40206213712,Activa,2015-10-18
292,Corriente,36981.009123406344,Activa,2015-10-19
293,Ahorro,17694.710331309234,Activa,2015-10-20
294,Ahorro,9516.86736490877,Inactiva,2015-10-21
295,Ahorro,26098.202546274606,Activa,2015-10-22
296,Corriente,716.4699703865518,Activa,2015-10-23
297,Ahorro,25852.19705453406,Activa,2015-10-24
298,Corriente,29036.60012253231,Inactiva,2015-10-25
299,Ahorro,2855.0890454102305,Inactiva,2015-10-26
300,Ahorro,34014.26901206817,Activa,2015-10-27
301,Corriente,7613.059502714592,Activa,2015-10-28
302,Corriente,6084.687316959403,Activa,2015-10-29
303,Ahorro,32171.51578022368,Activa,2015-10-30
304,Ahorro,26015.909061652008,Activa,2015-10-31
305,Ahorro,36742.66975669561,Activa,2015-11-01
306,Corriente,48382.27960107276,Inactiva,2015-11-02
307,Ahorro,206.99287975466385,Inactiva,2015-11-03
308,Corriente,2781.1123101881276,Activa,2015-11-04
309,Corriente,18583.398423276514,Inactiva,2015-11-05
310,Corriente,36629.28538879531,Inactiva,2015-11-06
311,Ahorro,42766.69500503085,Inactiva,2015-11-07
312,Ahorro,40843.72096595964,Activa,2015-11-08
313,Ahorro,40119.286692191985,Activa,2015-11-09
314,Ahorro,26531.86585304137,Activa,2015-11-10
315,Ahorro,28609.432288283937,Activa,2015-11-11
316,Ahorro,8424.86521821898,Activa,2015-11-12
317,Ahorro,13284.427824011442,Inactiva,2015-11-13
318,Ahorro,36965.45468034779,Inactiva,2015-11-14
319,Ahorro,5133.881818262987,Inactiva,2015-11-15
320,Ahorro,21697.44701333962,Activa,2015-11-16
321,Corriente,31198.365091284162,Activa,2015-11-17
322,Corriente,11841.191282845892,Inactiva,2015-11-18
323,Ahorro,40911.86179729156,Inactiva,2015-11-19
324,Ahorro,32104.627851404217,Inactiva,2015-11-20
325,Corriente,44726.07794117189,Activa,2015-11-21
326,Corriente,31279.971333655532,Activa,2015-11-22
327,Ahorro,27329.827379252958,Inactiva,2015-11-23
328,Corriente,37765.25835816011,Inactiva,2015-11-24
329,Corriente,28428.068294690987,Inactiva,2015-11-25
330,Corriente,13605.743886307158,Activa,2015-11-26
331,Ahorro,2590.9888946539063,Inactiva,2015-11-27
332,Corriente,45255.65590112927,Inactiva,2015-11-28
333,Ahorro,42181.11584237656,Activa,2015-11-29
334,Corriente,10280.797381713202,Inactiva,2015-11-30
335,Ahorro,12658.28955688003,Activa,2015-12-01
336,Ahorro,1495.464592337714,Inactiva,2015-12-02
337,Ahorro,24985.277135260654,Inactiva,2015-12-03
338,Corriente,2461.1712369788706,Activa,2015-12-04
339,Corriente,48773.588083137605,Inactiva,2015-12-05
340,Ahorro,36198.21913791078,Inactiva,2015-12-06
341,Corriente,19536.213132812525,Activa,2015-12-07
342,Corriente,39288.883986855624,Activa,2015-12-08
343,Corriente,15371.868704548759,Activa,2015-12-09
344,Ahorro,28825.546792020035,Inactiva,2015-12-10
345,Ahorro,1609.5161601170582,Inactiva,2015-12-11
346,Ahorro,32267.32311934949,Activa,2015-12-12
347,Corriente,34227.4789663409,Inactiva,2015-12-13
348,Ahorro,22364.5642876957,Activa,2015-12-14
349,Corriente,37897.0068864868,Inactiva,2015-12-15
350,Corriente,34159.86969045537,Inactiva,2015-12-16
351,Corriente,30845.388104136982,Inactiva,2015-12-17
352,Ahorro,18996.136381861743,Inactiva,2015-12-18
353,Corriente,7795.789096492051,Activa,2015-12-19
354,Corriente,44058.69462951245,Activa,2015-12-20
355,Corriente,12023.72040846309,Inactiva,2015-12-21
356,Corriente,6092.873098261259,Inactiva,2015-12-22
357,Ahorro,6112.318461322097,Inactiva,2015-12-23
358,Corriente,25998.673905233216,Inactiva,2015-12-24
359,Corriente,28959.887622158818,Inactiva,2015-12-25
360,Ahorro,23329.591402705613,Activa,2015-12-26
361,Corriente,37722.2069048581,Activa,2015-12-27
362,Ahorro,4152.662293430154,Activa,2015-12-28
363,Corriente,23508.602667209678,Activa,2015-12-29
364,Corriente,16288.751060290064,Inactiva,2015-12-30
365,Ahorro,30845.092947056386,Inactiva,2015-12-31
366,Ahorro,44388.19274907626,Activa,2016-01-01
367,Corriente,3248.335911756228,Activa,2016-01-02
368,Corriente,44385.54706548418,Activa,2016-01-03
369,Corriente,34999.47183869421,Activa,2016-01-04
370,Corriente,2867.8215030430665,Inactiva,2016-01-05
371,Corriente,22264.213141513446,Activa,2016-01-06
372,Ahorro,24974.420229801042,Activa,2016-01-07
373,Ahorro,14032.824199104765,Inactiva,2016-01-08
374,Ahorro,40945.47074378205,Activa,2016-01-09
375,Corriente,49331.39150490004,Inactiva,2016-01-10
376,Ahorro,32732.713349829606,Inactiva,2016-01-11
377,Corriente,25251.265458904054,Inactiva,2016-01-12
378,Corriente,6840.699966161456,Inactiva,2016-01-13
379,Corriente,20757.81962447913,Inactiva,2016-01-14
380,Corriente,20543.205308223205,Activa,2016-01-15
381,Ahorro,40342.88300343662,Inactiva,2016-01-16
382,Ahorro,31227.385585594307,Inactiva,2016-01-17
383,Corriente,2885.821134286182,Inactiva,2016-01-18
384,Ahorro,4058.8354758955393,Activa,2016-01-19
385,Corriente,9917.5132846675,Inactiva,2016-01-20
386,Corriente,22439.960560611715,Activa,2016-01-21
387,Ahorro,45774.57369927454,Inactiva,2016-01-22
388,Corriente,20031.565337892876,Activa,2016-01-23
389,Ahorro,49682.984036992086,Inactiva,2016-01-24
390,Ahorro,2119.368190993626,Activa,2016-01-25
391,Corriente,3237.581628118119,Inactiva,2016-01-26
392,Ahorro,4592.852932609193,Activa,2016-01-27
393,Corriente,30683.71201232726,Inactiva,2016-01-28
394,Ahorro,16643.037645623892,Activa,2016-01-29
395,Ahorro,41472.13305939167,Inactiva,2016-01-30
396,Ahorro,14015.992477076688,Inactiva,2016-01-31
397,Ahorro,20039.22900944514,Inactiva,2016-02-01
398,Ahorro,17039.50844037028,Inactiva,2016-02-02
399,Corriente,39277.56381845822,Inactiva,2016-02-03
400,Corriente,11429.806121418307,Activa,2016-02-04
401,Corriente,19039.529158831792,Inactiva,2016-02-05
402,Corriente,28648.872953956674,Inactiva,2016-02-06
403,Corriente,33880.50290933058,Inactiva,2016-02-07
404,Corriente,28042.983686409334,Activa,2016-02-08
405,Corriente,14211.391310649424,Inactiva,2016-02-09
406,Ahorro,22046.52957337595,Activa,2016-02-10
407,Ahorro,1437.1267142159638,Inactiva,2016-02-11
408,Ahorro,47523.67122188251,Inactiva,2016-02-12
409,Corriente,17927.315340158013,Inactiva,2016-02-13
410,Corriente,2726.5014134007392,Activa,2016-02-14
411,Ahorro,46720.98825392706,Activa,2016-02-15
412,Ahorro,10597.079830264232,Inactiva,2016-02-16
413,Corriente,30535.79136023154,Activa,2016-02-17
414,Corriente,38466.468578778695,Activa,2016-02-18
415,Corriente,19448.285789987895,Inactiva,2016-02-19
416,Ahorro,16366.328920103551,Inactiva,2016-02-20
417,Ahorro,14867.57489506882,Inactiva,2016-02-21
418,Ahorro,16263.626538753912,Inactiva,2016-02-22
419,Ahorro,10170.362976539644,Inactiva,2016-02-23
420,Corriente,1082.1233765538618,Inactiva,2016-02-24
421,Ahorro,47785.14706402809,Activa,2016-02-25
422,Corriente,47492.48541295648,Inactiva,2016-02-26
423,Ahorro,33697.42337832061,Inactiva,2016-02-27
424,Corriente,32629.03674321627,Activa,2016-02-28
425,Corriente,7078.087112174353,Activa,2016-02-29
426,Ahorro,6134.854407840201,Activa,2016-03-01
427,Corriente,18101.45246486166,Inactiva,2016-03-02
428,Corriente,9359.720818920703,Inactiva,2016-03-03
429,Ahorro,39119.42251314745,Activa,2016-03-04
430,Corriente,7869.667000555247,Inactiva,2016-03-05
431,Corriente,43407.61235689305,Inactiva,2016-03-06
432,Ahorro,26768.081669840805,Activa,2016-03-07
433,Ahorro,6840.92673359139,Inactiva,2016-03-08
434,Ahorro,695.4861876139306,Inactiva,2016-03-09
435,Corriente,8602.916606173916,Inactiva,2016-03-10
436,Ahorro,27936.384099535328,Activa,2016-03-11
437,Ahorro,49426.49663484543,Inactiva,2016-03-12
438,Corriente,25619.463053646978,Inactiva,2016-03-13
439,Ahorro,49924.44890923946,Inactiva,2016-03-14
440,Corriente,26587.022256727418,Inactiva,2016-03-15
441,Ahorro,44420.8971068282,Activa,2016-03-16
442,Corriente,34970.078685092,Inactiva,2016-03-17
443,Ahorro,19666.402792174053,Inactiva,2016-03-18
444,Corriente,21760.88273709444,Activa,2016-03-19
445,Corriente,23091.454930300708,Inactiva,2016-03-20
446,Ahorro,22402.778856656125,Inactiva,2016-03-21
447,Corriente,7089.771458192113,Inactiva,2016-03-22
448,Ahorro,41371.182387427936,Inactiva,2016-03-23
449,Corriente,26497.106087576565,Inactiva,2016-03-24
450,Ahorro,16825.863188345225,Activa,2016-03-25
451,Ahorro,49835.692881313546,Inactiva,2016-03-26
452,Ahorro,3862.590188051951,Activa,2016-03-27
453,Ahorro,11231.128061213763,Activa,2016-03-28
454,Corriente,25916.29685875212,Inactiva,2016-03-29
455,Corriente,31376.49123885351,Inactiva,2016-03-30
456,Corriente,28677.471455032653,Inactiva,2016-03-31
457,Ahorro,37324.320314060635,Inactiva,2016-04-01
458,Corriente,36827.575735851315,Inactiva,2016-04-02
459,Ahorro,27087.19059120249,Activa,2016-04-03
460,Ahorro,42708.050992840406,Activa,2016-04-04
461,Ahorro,24347.729404361227,Inactiva,2016-04-05
462,Ahorro,48799.95563895242,Activa,2016-04-06
463,Corriente,34701.42279148871,Inactiva,2016-04-07
464,Corriente,18293.285228537043,Activa,2016-04-08
465,Ahorro,26618.359709703782,Activa,2016-04-09
466,Ahorro,14167.670469976085,Inactiva,2016-04-10
467,Corriente,36038.12050182304,Activa,2016-04-11
468,Ahorro,39164.044515743044,Inactiva,2016-04-12
469,Corriente,27384.63481805981,Inactiva,2016-04-13
470,Corriente,26270.06868034457,Activa,2016-04-14
471,Ahorro,43310.97532359667,Inactiva,2016-04-15
472,Corriente,46036.210152261105,Inactiva,2016-04-16
473,Corriente,11049.001508572543,Activa,2016-04-17
474,Ahorro,28140.215498986476,Activa,2016-04-18
475,Ahorro,31630.942350139023,Activa,2016-04-19
476,Ahorro,40801.634480888446,Activa,2016-04-20
477,Ahorro,33554.37782065944,Inactiva,2016-04-21
478,Ahorro,41377.989978689984,Activa,2016-04-22
479,Ahorro,22519.97060436401,Inactiva,2016-04-23
480,Corriente,35570.39930230374,Activa,2016-04-24
481,Ahorro,28737.240481708555,Inactiva,2016-04-25
482,Ahorro,33130.31149149306,Inactiva,2016-04-26
483,Corriente,15522.539304906297,Inactiva,2016-04-27
484,Corriente,10560.725820744205,Activa,2016-04-28
485,Ahorro,28912.02316023295,Inactiva,2016-04-29
486,Corriente,5680.727206186414,Activa,2016-04-30
487,Ahorro,44301.59145278715,Activa,2016-05-01
488,Corriente,20124.254460124845,Activa,2016-05-02
489,Ahorro,35298.858894189056,Inactiva,2016-05-03
490,Ahorro,47854.6524898578,Inactiva,2016-05-04
491,Corriente,20709.555284945858,Inactiva,2016-05-05
492,Corriente,43373.06256711652,Inactiva,2016-05-06
493,Corriente,2492.504278999819,Activa,2016-05-07
494,Corriente,44744.68578835848,Inactiva,2016-05-08
495,Corriente,31767.125901993302,Activa,2016-05-09
496,Corriente,11263.740737495798,Inactiva,2016-05-10
497,Ahorro,15375.127166600983,Activa,2016-05-11
498,Ahorro,39677.57010017804,Inactiva,2016-05-12
499,Ahorro,15297.831264917222,Inactiva,2016-05-13
500,Ahorro,8783.624269850015,Inactiva,2016-05-14
501,Ahorro,36000.761295688746,Activa,2016-05-15
502,Ahorro,35166.33667433386,Inactiva,2016-05-16
503,Ahorro,11196.51431878258,Inactiva,2016-05-17
504,Corriente,11910.74592201295,Activa,2016-05-18
505,Corriente,15517.006300382585,Inactiva,2016-05-19
506,Ahorro,12289.839838295342,Activa,2016-05-20
507,Corriente,33192.04834325146,Inactiva,2016-05-21
508,Corriente,21973.70208807118,Inactiva,2016-05-22
509,Corriente,7910.044863028432,Activa,2016-05-23
510,Corriente,2142.371337373966,Inactiva,2016-05-24
511,Corriente,33167.844597732124,Inactiva,2016-05-25
512,Corriente,7710.446386324698,Inactiva,2016-05-26
513,Ahorro,1070.062820638079,Activa,2016-05-27
514,Corriente,22380.154243350848,Inactiva,2016-05-28
515,Ahorro,4896.439430439536,Activa,2016-05-29
516,Corriente,2498.630363691601,Inactiva,2016-05-30
517,Corriente,30500.202111993414,Inactiva,2016-05-31
518,Ahorro,7263.286579145345,Inactiva,2016-06-01
519,Corriente,17708.480674776034,Inactiva,2016-06-02
520,Corriente,338.9263081564786,Inactiva,2016-06-03
521,Ahorro,43510.488340690434,Activa,2016-06-04
522,Corriente,14936.686298488727,Activa,2016-06-05
523,Ahorro,25434.395888053656,Inactiva,2016-06-06
524,Ahorro,11915.0014684004,Inactiva,2016-06-07
525,Corriente,45752.14573114641,Inactiva,2016-06-08
526,Ahorro,8194.739928701478,Activa,2016-06-09
527,Ahorro,45482.5178632098,Activa,2016-06-10
528,Corriente,37577.599353713784,Activa,2016-06-11
529,Ahorro,41233.29281063432,Inactiva,2016-06-12
530,Ahorro,7167.976014945982,Activa,2016-06-13
531,Ahorro,17437.28549678191,Inactiva,2016-06-14
532,Ahorro,26958.802125237875,Activa,2016-06-15
533,Ahorro,42594.06165527631,Activa,2016-06-16
534,Ahorro,41791.98314873372,Activa,2016-06-17
535,Ahorro,36700.283307567464,Inactiva,2016-06-18
536,Corriente,14335.744665311411,Inactiva,2016-06-19
537,Corriente,17397.01755003181,Activa,2016-06-20
538,Ahorro,23794.992910948287,Inactiva,2016-06-21
539,Corriente,28823.26106011836,Activa,2016-06-22
540,Corriente,48494.26752375795,Activa,2016-06-23
541,Corriente,43163.824631834024,Inactiva,2016-06-24
542,Corriente,37871.07279339114,Inactiva,2016-06-25
543,Corriente,17177.307570579742,Inactiva,2016-06-26
544,Ahorro,13465.275822673939,Inactiva,2016-06-27
545,Corriente,23351.999348026988,Activa,2016-06-28
546,Ahorro,44260.365901076024,Activa,2016-06-29
547,Ahorro,949.3969865146167,Activa,2016-06-30
548,Ahorro,22431.697874006335,Activa,2016-07-01
549,Ahorro,32790.49456923637,Inactiva,2016-07-02
550,Corriente,27885.533437163158,Activa,2016-07-03
551,Corriente,40110.18501180505,Inactiva,2016-07-04
552,Corriente,22990.05217183931,Activa,2016-07-05
553,Corriente,26350.275250700266,Inactiva,2016-07-06
554,Ahorro,48941.78934883558,Inactiva,2016-07-07
555,Corriente,36105.74466102574,Inactiva,2016-07-08
556,Ahorro,45800.06240984068,Inactiva,2016-07-09
557,Corriente,37864.86761524812,Activa,2016-07-10
558,Corriente,44986.66658964746,Inactiva,2016-07-11
559,Ahorro,49184.41914331809,Activa,2016-07-12
560,Corriente,32773.04251168266,Activa,2016-07-13
561,Ahorro,36744.41795368021,Activa,2016-07-14
562,Ahorro,45548.81829897975,Activa,2016-07-15
563,Corriente,9926.515217797056,Activa,2016-07-16
564,Ahorro,40711.11057041456,Inactiva,2016-07-17
565,Ahorro,13411.17997939339,Inactiva,2016-07-18
566,Ahorro,7737.076632262791,Inactiva,2016-07-19
567,Ahorro,28196.57591756403,Activa,2016-07-20
568,Corriente,48416.11377911137,Inactiva,2016-07-21
569,Ahorro,12493.743365104487,Activa,2016-07-22
570,Corriente,20949.591794802625,Activa,2016-07-23
571,Ahorro,39327.321277531606,Inactiva,2016-07-24
572,Ahorro,24838.560448120046,Inactiva,2016-07-25
573,Ahorro,44746.3504476931,Inactiva,2016-07-26
574,Corriente,9236.457883721594,Activa,2016-07-27
575,Corriente,29811.791545579108,Activa,2016-07-28
576,Ahorro,44116.14988969812,Activa,2016-07-29
577,Corriente,12056.817623436034,Inactiva,2016-07-30
578,Corriente,15059.97102459951,Inactiva,2016-07-31
579,Ahorro,10485.008524364075,Activa,2016-08-01
580,Corriente,889.1734977945431,Activa,2016-08-02
581,Corriente,11043.888290713654,Activa,2016-08-03
582,Corriente,20286.372708275863,Inactiva,2016-08-04
583,Corriente,31191.17193255843,Activa,2016-08-05
584,Ahorro,13574.534474538768,Activa,2016-08-06
585,Ahorro,841.4674113595588,Inactiva,2016-08-07
586,Corriente,9932.770184707722,Inactiva,2016-08-08
587,Ahorro,46648.543947198305,Activa,2016-08-09
588,Corriente,11911.197081015162,Activa,2016-08-10
589,Corriente,10204.504443498097,Inactiva,2016-08-11
590,Ahorro,2976.4026602190797,Inactiva,2016-08-12
591,Ahorro,13239.268683236394,Activa,2016-08-13
592,Ahorro,30216.77189540611,Inactiva,2016-08-14
593,Ahorro,48140.770181429805,Activa,2016-08-15
594,Corriente,23428.380202941917,Activa,2016-08-16
595,Corriente,41989.14145987508,Inactiva,2016-08-17
596,Corriente,18546.72543766458,Inactiva,2016-08-18
597,Corriente,11739.71943097829,Inactiva,2016-08-19
598,Ahorro,5395.795611979704,Inactiva,2016-08-20
599,Ahorro,17672.877312195244,Inactiva,2016-08-21
600,Corriente,9603.423269055895,Inactiva,2016-08-22
601,Corriente,16898.463764958033,Inactiva,2016-08-23
602,Ahorro,12237.880781204407,Activa,2016-08-24
603,Corriente,11984.738560477721,Activa,2016-08-25
604,Ahorro,16385.01540092367,Inactiva,2016-08-26
605,Ahorro,31489.63638088285,Inactiva,2016-08-27
606,Ahorro,39966.84569304711,Inactiva,2016-08-28
607,Ahorro,29369.978268222185,Inactiva,2016-08-29
608,Corriente,9896.533552936648,Inactiva,2016-08-30
609,Corriente,19141.13441681815,Activa,2016-08-31
610,Corriente,32975.988215093275,Inactiva,2016-09-01
611,Corriente,7685.115952695215,Inactiva,2016-09-02
612,Ahorro,28415.44397419393,Inactiva,2016-09-03
613,Corriente,27460.202955730012,Activa,2016-09-04
614,Ahorro,39273.33820170816,Inactiva,2016-09-05
615,Ahorro,25264.764490007517,Inactiva,2016-09-06
616,Ahorro,21427.39560297581,Inactiva,2016-09-07
617,Ahorro,2990.716171400759,Activa,2016-09-08
618,Corriente,38033.83867339824,Inactiva,2016-09-09
619,Corriente,48193.372257460156,Inactiva,2016-09-10
620,Corriente,44391.47722304489,Inactiva,2016-09-11
621,Ahorro,13649.312907585847,Inactiva,2016-09-12
622,Ahorro,11245.134774076265,Inactiva,2016-09-13
623,Ahorro,27793.804554569873,Inactiva,2016-09-14
624,Ahorro,47999.58870693654,Inactiva,2016-09-15
625,Corriente,27471.72786566962,Inactiva,2016-09-16
626,Ahorro,33398.39709505501,Inactiva,2016-09-17
627,Ahorro,42851.1881323699,Inactiva,2016-09-18
628,Ahorro,46601.24103395742,Inactiva,2016-09-19
629,Corriente,43929.76835360329,Activa,2016-09-20
630,Corriente,40331.35056245447,Inactiva,2016-09-21
631,Corriente,41512.29229512817,Activa,2016-09-22
632,Corriente,32584.15024255476,Inactiva,2016-09-23
633,Ahorro,2435.5253898732,Activa,2016-09-24
634,Ahorro,7250.775154040695,Inactiva,2016-09-25
635,Corriente,15786.76222080786,Inactiva,2016-09-26
636,Ahorro,14954.388898337584,Activa,2016-09-27
637,Corriente,44795.727675047434,Activa,2016-09-28
638,Corriente,37717.53135836352,Activa,2016-09-29
639,Corriente,6985.476178063582,Activa,2016-09-30
640,Corriente,36592.552230873545,Activa,2016-10-01
641,Corriente,4682.076217702818,Inactiva,2016-10-02
642,Ahorro,45304.36746874504,Activa,2016-10-03
643,Ahorro,5848.464725300561,Activa,2016-10-04
644,Corriente,30054.955798622883,Activa,2016-10-05
645,Ahorro,5736.690992261672,Activa,2016-10-06
646,Ahorro,12972.894708088606,Activa,2016-10-07
647,Ahorro,19731.557849303284,Activa,2016-10-08
648,Corriente,25349.978501187357,Inactiva,2016-10-09
649,Corriente,30858.831959712334,Activa,2016-10-10
650,Ahorro,36221.73912226076,Activa,2016-10-11
651,Corriente,9685.613548449262,Activa,2016-10-12
652,Ahorro,39953.29268567786,Activa,2016-10-13
653,Ahorro,28990.08734933357,Activa,2016-10-14
654,Ahorro,19663.63596953705,Inactiva,2016-10-15
655,Ahorro,31575.130632475935,Activa,2016-10-16
656,Ahorro,24906.43584178397,Inactiva,2016-10-17
657,Ahorro,35838.418103027296,Activa,2016-10-18
658,Corriente,4074.2446221043338,Activa,2016-10-19
659,Ahorro,19091.46824612653,Inactiva,2016-10-20
660,Corriente,11276.475153071902,Activa,2016-10-21
661,Ahorro,31889.18411652158,Inactiva,2016-10-22
662,Corriente,28929.38896814855,Activa,2016-10-23
663,Ahorro,46532.07430091611,Inactiva,2016-10-24
664,Ahorro,21617.59321386587,Activa,2016-10-25
665,Corriente,28981.81934427307,Inactiva,2016-10-26
666,Corriente,6176.942450502632,Inactiva,2016-10-27
667,Corriente,4333.381942521713,Activa,2016-10-28
668,Ahorro,32282.63591530714,Activa,2016-10-29
669,Ahorro,27321.983400675697,Inactiva,2016-10-30
670,Corriente,19618.46515442725,Inactiva,2016-10-31
671,Ahorro,38714.02961790108,Activa,2016-11-01
672,Ahorro,36623.821037724876,Inactiva,2016-11-02
673,Corriente,39919.27242071564,Activa,2016-11-03
674,Ahorro,33456.19965148854,Activa,2016-11-04
675,Corriente,47299.15528583439,Activa,2016-11-05
676,Corriente,1053.3083500297357,Activa,2016-11-06
677,Corriente,33975.94793436035,Inactiva,2016-11-07
678,Ahorro,13230.981094871302,Activa,2016-11-08
679,Ahorro,13959.565921079808,Inactiva,2016-11-09
680,Corriente,33203.011508113355,Inactiva,2016-11-10
681,Corriente,23741.18939911466,Activa,2016-11-11
682,Ahorro,30258.119337389406,Activa,2016-11-12
683,Ahorro,7651.663194954201,Activa,2016-11-13
684,Ahorro,2183.7837278829597,Inactiva,2016-11-14
685,Corriente,48159.94746407709,Activa,2016-11-15
686,Corriente,45109.74892274623,Inactiva,2016-11-16
687,Corriente,33456.75251470313,Activa,2016-11-17
688,Ahorro,45511.19778651795,Activa,2016-11-18
689,Ahorro,17467.547355004015,Inactiva,2016-11-19
690,Ahorro,34605.17235043958,Inactiva,2016-11-20
691,Corriente,7660.698395426174,Inactiva,2016-11-21
692,Corriente,28832.994114175282,Activa,2016-11-22
693,Corriente,35094.109734096004,Activa,2016-11-23
694,Ahorro,46704.23037328813,Activa,2016-11-24
695,Ahorro,16896.25293919873,Inactiva,2016-11-25
696,Ahorro,47281.92782928183,Inactiva,2016-11-26
697,Ahorro,30806.68939543659,Activa,2016-11-27
698,Corriente,25030.36392573661,Activa,2016-11-28
699,Corriente,29830.308950448358,Inactiva,2016-11-29
700,Corriente,402.67128388788433,Activa,2016-11-30
701,Corriente,3629.272189190402,Activa,2016-12-01
702,Corriente,12717.830849390804,Inactiva,2016-12-02
703,Corriente,13047.239309558883,Inactiva,2016-12-03
704,Ahorro,385.8414772880625,Activa,2016-12-04
705,Ahorro,22567.37552564892,Activa,2016-12-05
706,Corriente,20941.498840525208,Inactiva,2016-12-06
707,Corriente,10520.16944349839,Inactiva,2016-12-07
708,Ahorro,24012.873854320555,Inactiva,2016-12-08
709,Corriente,6985.568808159609,Activa,2016-12-09
710,Ahorro,25478.040176910767,Inactiva,2016-12-10
711,Corriente,47577.6735346365,Inactiva,2016-12-11
712,Corriente,41706.201777414135,Activa,2016-12-12
713,Ahorro,23485.56639932882,Inactiva,2016-12-13
714,Ahorro,22610.95077424452,Activa,2016-12-14
715,Corriente,23040.9289450635,Activa,2016-12-15
716,Ahorro,45472.05186833345,Inactiva,2016-12-16
717,Corriente,8708.394194041335,Inactiva,2016-12-17
718,Corriente,17365.765960119334,Inactiva,2016-12-18
719,Ahorro,35065.56004699636,Activa,2016-12-19
720,Corriente,28172.970607243853,Activa,2016-12-20
721,Corriente,14628.113331433506,Activa,2016-12-21
722,Ahorro,36951.97303552013,Inactiva,2016-12-22
723,Corriente,43806.72751331925,Inactiva,2016-12-23
724,Corriente,12978.704397841335,Inactiva,2016-12-24
725,Ahorro,25385.698952470226,Activa,2016-12-25
726,Corriente,35371.86274605949,Activa,2016-12-26
727,Ahorro,8857.283570736412,Activa,2016-12-27
728,Ahorro,297.23587365500515,Activa,2016-12-28
729,Ahorro,13039.642110512306,Activa,2016-12-29
730,Ahorro,16846.691873008967,Activa,2016-12-30
731,Ahorro,10070.857765077728,Inactiva,2016-12-31
732,Corriente,39935.348153625346,Inactiva,2017-01-01
733,Ahorro,10947.831102111983,Activa,2017-01-02
734,Ahorro,5880.5568096907455,Inactiva,2017-01-03
735,Ahorro,8776.066599124477,Inactiva,2017-01-04
736,Corriente,1266.0258925429491,Inactiva,2017-01-05
737,Ahorro,18125.288323616223,Activa,2017-01-06
738,Ahorro,15588.16436184272,Inactiva,2017-01-07
739,Corriente,33271.391469742404,Activa,2017-01-08
740,Ahorro,16044.361932117095,Activa,2017-01-09
741,Corriente,32188.68348862798,Inactiva,2017-01-10
742,Ahorro,1815.5423028146822,Inactiva,2017-01-11
743,Ahorro,8319.180993577485,Inactiva,2017-01-12
744,Ahorro,36008.51394956935,Activa,2017-01-13
745,Corriente,3551.6638088575523,Inactiva,2017-01-14
746,Ahorro,33094.213066290744,Inactiva,2017-01-15
747,Corriente,1953.096182177183,Activa,2017-01-16
748,Corriente,21275.85322711913,Activa,2017-01-17
749,Corriente,4965.0452763076,Inactiva,2017-01-18
750,Corriente,22164.392985377475,Activa,2017-01-19
751,Ahorro,24718.344665255758,Activa,2017-01-20
752,Corriente,12079.021318635203,Activa,2017-01-21
753,Ahorro,14977.272976915801,Activa,2017-01-22
754,Corriente,25468.545793146997,Activa,2017-01-23
755,Ahorro,21661.129238844056,Activa,2017-01-24
756,Ahorro,33339.730126646886,Inactiva,2017-01-25
757,Corriente,11772.138254667969,Inactiva,2017-01-26
758,Corriente,2772.7792570148404,Inactiva,2017-01-27
759,Corriente,30800.29805048931,Inactiva,2017-01-28
760,Corriente,17815.754630268864,Activa,2017-01-29
761,Ahorro,2753.04935743888,Activa,2017-01-30
762,Ahorro,27358.564331491096,Activa,2017-01-31
763,Ahorro,25968.662398873133,Inactiva,2017-02-01
764,Corriente,25239.24435907252,Activa,2017-02-02
765,Corriente,49910.79861261883,Activa,2017-02-03
766,Corriente,41932.910381060705,Inactiva,2017-02-04
767,Ahorro,24719.193110391778,Activa,2017-02-05
768,Corriente,37671.97604942647,Inactiva,2017-02-06
769,Ahorro,41240.06824651394,Inactiva,2017-02-07
770,Ahorro,3037.4234536051094,Inactiva,2017-02-08
771,Ahorro,28095.097734726758,Inactiva,2017-02-09
772,Ahorro,2472.6011668878555,Inactiva,2017-02-10
773,Corriente,21917.520304079124,Inactiva,2017-02-11
774,Corriente,11060.621876688281,Inactiva,2017-02-12
775,Ahorro,36009.994709650906,Activa,2017-02-13
776,Corriente,49156.19672580914,Activa,2017-02-14
777,Corriente,34469.98336882478,Inactiva,2017-02-15
778,Corriente,29671.598396288427,Inactiva,2017-02-16
779,Ahorro,1164.2825285803403,Activa,2017-02-17
780,Ahorro,29401.27985851513,Inactiva,2017-02-18
781,Corriente,45405.62801560898,Activa,2017-02-19
782,Corriente,16063.361306805835,Inactiva,2017-02-20
783,Corriente,39792.800649718076,Inactiva,2017-02-21
784,Ahorro,7078.421720187977,Inactiva,2017-02-22
785,Ahorro,47633.66653306071,Activa,2017-02-23
786,Corriente,36852.03975960147,Inactiva,2017-02-24
787,Ahorro,30891.123400077075,Inactiva,2017-02-25
788,Ahorro,29932.051019385148,Inactiva,2017-02-26
789,Ahorro,48568.24167673926,Activa,2017-02-27
790,Ahorro,11747.041443808415,Activa,2017-02-28
791,Corriente,5460.923108640153,Activa,2017-03-01
792,Ahorro,10361.671436308228,Activa,2017-03-02
793,Ahorro,20928.79517353392,Activa,2017-03-03
794,Corriente,38119.33918987135,Activa,2017-03-04
795,Corriente,13262.355679684113,Activa,2017-03-05
796,Corriente,7892.890775542876,Activa,2017-03-06
797,Corriente,13463.078141253203,Inactiva,2017-03-07
798,Ahorro,25522.2382063936,Activa,2017-03-08
799,Corriente,28086.305476393027,Inactiva,2017-03-09
800,Corriente,25379.543829331713,Activa,2017-03-10
801,Ahorro,38305.34586327758,Inactiva,2017-03-11
802,Ahorro,36735.00560902464,Activa,2017-03-12
803,Ahorro,30776.536884287325,Activa,2017-03-13
804,Corriente,32800.50018338143,Activa,2017-03-14
805,Ahorro,42260.73975293054,Activa,2017-03-15
806,Corriente,36527.55197945493,Inactiva,2017-03-16
807,Ahorro,38244.14480601554,Inactiva,2017-03-17
808,Corriente,24154.671078024985,Inactiva,2017-03-18
809,Corriente,26410.37092505411,Inactiva,2017-03-19
810,Corriente,18836.79437595937,Inactiva,2017-03-20
811,Ahorro,32406.76333075742,Inactiva,2017-03-21
812,Ahorro,33032.16020847581,Activa,2017-03-22
813,Ahorro,5620.280340963552,Inactiva,2017-03-23
814,Ahorro,19046.839575569928,Inactiva,2017-03-24
815,Corriente,3709.5136064093035,Activa,2017-03-25
816,Ahorro,2786.01990403502,Inactiva,2017-03-26
817,Ahorro,34671.814365992825,Inactiva,2017-03-27
818,Ahorro,12435.993560207853,Inactiva,2017-03-28
819,Corriente,4908.911923535392,Inactiva,2017-03-29
820,Corriente,16329.506109663138,Inactiva,2017-03-30
821,Ahorro,35856.95366679589,Inactiva,2017-03-31
822,Corriente,15244.253899346999,Inactiva,2017-04-01
823,Corriente,8441.225440317385,Inactiva,2017-04-02
824,Ahorro,41070.517799984504,Inactiva,2017-04-03
825,Corriente,25511.682242031708,Activa,2017-04-04
826,Ahorro,12657.721748650929,Activa,2017-04-05
827,Corriente,42676.510344882,Activa,2017-04-06
828,Corriente,45787.23476565535,Activa,2017-04-07
829,Corriente,41539.72828381987,Activa,2017-04-08
830,Corriente,45301.86875894508,Inactiva,2017-04-09
831,Ahorro,37010.71143332543,Inactiva,2017-04-10
832,Corriente,27375.361630942403,Inactiva,2017-04-11
833,Ahorro,4776.247615741908,Activa,2017-04-12
834,Ahorro,3293.98852096236,Activa,2017-04-13
835,Corriente,2209.3483766925324,Inactiva,2017-04-14
836,Ahorro,24176.979024193784,Inactiva,2017-04-15
837,Corriente,36777.49625320998,Inactiva,2017-04-16
838,Ahorro,4805.373645102962,Inactiva,2017-04-17
839,Ahorro,11412.597438695699,Inactiva,2017-04-18
840,Ahorro,4886.267760142893,Activa,2017-04-19
841,Ahorro,20435.97631223303,Activa,2017-04-20
842,Ahorro,49906.709816691655,Inactiva,2017-04-21
843,Corriente,20477.086005940208,Activa,2017-04-22
844,Ahorro,2989.7701774083353,Activa,2017-04-23
845,Corriente,14814.033920769654,Inactiva,2017-04-24
846,Corriente,762.031407600039,Inactiva,2017-04-25
847,Corriente,31863.6615362172,Activa,2017-04-26
848,Corriente,21727.223699580052,Inactiva,2017-04-27
849,Ahorro,22427.542614405193,Inactiva,2017-04-28
850,Corriente,39869.046674879064,Inactiva,2017-04-29
851,Ahorro,15318.983718938172,Inactiva,2017-04-30
852,Corriente,43350.66460455427,Inactiva,2017-05-01
853,Ahorro,23815.681272082475,Inactiva,2017-05-02
854,Corriente,42012.324251493024,Inactiva,2017-05-03
855,Ahorro,34011.43030972815,Inactiva,2017-05-04
856,Corriente,39944.757663622855,Inactiva,2017-05-05
857,Ahorro,34760.55580085541,Activa,2017-05-06
858,Ahorro,44875.0092275837,Inactiva,2017-05-07
859,Corriente,21541.67834985873,Inactiva,2017-05-08
860,Corriente,47306.25052250676,Inactiva,2017-05-09
861,Corriente,3819.3067502512167,Activa,2017-05-10
862,Ahorro,17340.373952429018,Activa,2017-05-11
863,Ahorro,5784.208408052499,Activa,2017-05-12
864,Ahorro,18089.71636561284,Activa,2017-05-13
865,Corriente,9064.93940241309,Inactiva,2017-05-14
866,Corriente,37215.976128590046,Activa,2017-05-15
867,Ahorro,44557.65871689029,Inactiva,2017-05-16
868,Corriente,40325.18509740669,Activa,2017-05-17
869,Ahorro,8566.463601261565,Activa,2017-05-18
870,Ahorro,3348.646290445645,Inactiva,2017-05-19
871,Corriente,12428.646202101818,Activa,2017-05-20
872,Corriente,31155.438611587062,Inactiva,2017-05-21
873,Corriente,49477.062852389245,Inactiva,2017-05-22
874,Ahorro,28242.209200156183,Inactiva,2017-05-23
875,Corriente,17338.873886834688,Inactiva,2017-05-24
876,Ahorro,29844.753079859078,Activa,2017-05-25
877,Ahorro,6431.794203005309,Activa,2017-05-26
878,Corriente,19489.528387054743,Inactiva,2017-05-27
879,Ahorro,44142.56031333484,Activa,2017-05-28
880,Ahorro,29582.80163456157,Inactiva,2017-05-29
881,Ahorro,14043.814841153251,Activa,2017-05-30
882,Ahorro,47489.19045306373,Inactiva,2017-05-31
883,Corriente,41584.496510949306,Activa,2017-06-01
884,Ahorro,49492.964132566325,Activa,2017-06-02
885,Ahorro,24213.1947401764,Activa,2017-06-03
886,Corriente,8883.72491325719,Activa,2017-06-04
887,Ahorro,29803.50700783434,Inactiva,2017-06-05
888,Corriente,12277.247423724897,Inactiva,2017-06-06
889,Corriente,35814.1422677056,Activa,2017-06-07
890,Ahorro,9602.777298418847,Activa,2017-06-08
891,Ahorro,41998.47235859427,Activa,2017-06-09
892,Corriente,16313.380087545864,Activa,2017-06-10
893,Ahorro,46122.10252412323,Activa,2017-06-11
894,Ahorro,29835.122115139708,Activa,2017-06-12
895,Ahorro,48252.25687393052,Activa,2017-06-13
896,Corriente,28418.602827932027,Inactiva,2017-06-14
897,Ahorro,34141.11410577743,Activa,2017-06-15
898,Ahorro,5477.1461001899115,Inactiva,2017-06-16
899,Corriente,1009.4269318918214,Activa,2017-06-17
900,Ahorro,38513.46266906642,Activa,2017-06-18
901,Corriente,6219.5094529962025,Activa,2017-06-19
902,Corriente,38900.61691104898,Inactiva,2017-06-20
903,Corriente,23518.095947855643,Inactiva,2017-06-21
904,Ahorro,44398.14703950547,Inactiva,2017-06-22
905,Ahorro,35027.04273287708,Inactiva,2017-06-23
906,Ahorro,43252.87003959027,Inactiva,2017-06-24
907,Corriente,12990.682576561636,Activa,2017-06-25
908,Corriente,20519.84560196835,Activa,2017-06-26
909,Corriente,29258.06838636398,Activa,2017-06-27
910,Corriente,18457.62481498321,Activa,2017-06-28
911,Corriente,18960.11887105282,Activa,2017-06-29
912,Ahorro,24405.425483632585,Activa,2017-06-30
913,Corriente,41949.3908620248,Inactiva,2017-07-01
914,Corriente,27466.790585006074,Inactiva,2017-07-02
915,Corriente,2212.515081031058,Activa,2017-07-03
916,Ahorro,4741.992751470847,Inactiva,2017-07-04
917,Ahorro,23090.164357032332,Activa,2017-07-05
918,Corriente,11037.287865042683,Activa,2017-07-06
919,Corriente,43795.54995560446,Activa,2017-07-07
920,Ahorro,7399.2661336940155,Inactiva,2017-07-08
921,Ahorro,12763.550345217689,Activa,2017-07-09
922,Ahorro,35134.83651605137,Inactiva,2017-07-10
923,Ahorro,15125.96641530059,Activa,2017-07-11
924,Corriente,27012.09294467963,Activa,2017-07-12
925,Ahorro,37397.64659802943,Activa,2017-07-13
926,Ahorro,1930.3403640370586,Activa,2017-07-14
927,Ahorro,8854.42828796924,Inactiva,2017-07-15
928,Corriente,39809.50904133423,Inactiva,2017-07-16
929,Corriente,4551.6907830135515,Inactiva,2017-07-17
930,Corriente,23414.237638716702,Activa,2017-07-18
931,Corriente,18048.852068069897,Inactiva,2017-07-19
932,Ahorro,28349.559358367675,Inactiva,2017-07-20
933,Corriente,12830.18325281955,Activa,2017-07-21
934,Ahorro,29309.74863514615,Activa,2017-07-22
935,Ahorro,14542.462520905281,Inactiva,2017-07-23
936,Ahorro,17665.88829755457,Inactiva,2017-07-24
937,Ahorro,17514.6186347878,Inactiva,2017-07-25
938,Ahorro,34979.016551487315,Activa,2017-07-26
939,Ahorro,30201.42803148258,Inactiva,2017-07-27
940,Corriente,42254.366072478464,Activa,2017-07-28
941,Corriente,44797.59431210192,Activa,2017-07-29
942,Corriente,30281.674319020734,Inactiva,2017-07-30
943,Corriente,5500.0562318478,Inactiva,2017-07-31
944,Corriente,42963.338532639405,Activa,2017-08-01
945,Corriente,3641.6187737069226,Inactiva,2017-08-02
946,Ahorro,16509.96541033773,Inactiva,2017-08-03
947,Ahorro,5733.0011795194205,Inactiva,2017-08-04
948,Ahorro,16851.653907556218,Inactiva,2017-08-05
949,Ahorro,44422.11014730845,Activa,2017-08-06
950,Corriente,49262.17105882547,Inactiva,2017-08-07
951,Corriente,9278.679509545489,Inactiva,2017-08-08
952,Corriente,24298.242486632633,Activa,2017-08-09
953,Ahorro,19013.1358781235,Inactiva,2017-08-10
954,Corriente,15852.334145712326,Inactiva,2017-08-11
955,Ahorro,14188.769778979866,Inactiva,2017-08-12
956,Corriente,13144.209359076885,Activa,2017-08-13
957,Ahorro,40583.89715094474,Activa,2017-08-14
958,Corriente,15605.802116567967,Inactiva,2017-08-15
959,Corriente,45622.32291709228,Activa,2017-08-16
960,Ahorro,15733.302088351602,Inactiva,2017-08-17
961,Ahorro,46497.05392456008,Inactiva,2017-08-18
962,Ahorro,46579.664294264425,Inactiva,2017-08-19
963,Corriente,30394.859909976447,Inactiva,2017-08-20
964,Corriente,10165.842160472705,Activa,2017-08-21
965,Ahorro,14727.635716705174,Inactiva,2017-08-22
966,Ahorro,30661.5130685612,Inactiva,2017-08-23
967,Ahorro,21473.483982377777,Inactiva,2017-08-24
968,Ahorro,3912.942456505986,Inactiva,2017-08-25
969,Ahorro,19126.650858837045,Inactiva,2017-08-26
970,Ahorro,15484.996790462035,Inactiva,2017-08-27
971,Ahorro,5867.016318449348,Inactiva,2017-08-28
972,Ahorro,26003.68448228327,Activa,2017-08-29
973,Corriente,43093.482675804305,Activa,2017-08-30
974,Corriente,7163.297660050155,Inactiva,2017-08-31
975,Ahorro,3965.0497222415315,Activa,2017-09-01
976,Corriente,7789.293477660792,Inactiva,2017-09-02
977,Corriente,31861.938299503512,Inactiva,2017-09-03
978,Ahorro,14693.238851876167,Activa,2017-09-04
979,Corriente,16098.963339994327,Inactiva,2017-09-05
980,Ahorro,22434.562188476004,Inactiva,2017-09-06
981,Ahorro,21624.550895634165,Inactiva,2017-09-07
982,Ahorro,15740.749071961096,Inactiva,2017-09-08
983,Ahorro,48352.391824616854,Inactiva,2017-09-09
984,Ahorro,10739.856254673947,Inactiva,2017-09-10
985,Ahorro,13991.460866238875,Inactiva,2017-09-11
986,Ahorro,22281.809760049116,Inactiva,2017-09-12
987,Ahorro,42273.69591818115,Activa,2017-09-13
988,Corriente,30755.13613624925,Inactiva,2017-09-14
989,Ahorro,22547.58829009858,Activa,2017-09-15
990,Corriente,8013.533730171318,Activa,2017-09-16
991,Ahorro,32792.75495401498,Inactiva,2017-09-17
992,Corriente,9002.698682224258,Activa,2017-09-18
993,Corriente,38026.418608336346,Inactiva,2017-09-19
994,Ahorro,30705.278144605407,Inactiva,2017-09-20
995,Ahorro,15606.137748937654,Activa,2017-09-21
996,Ahorro,49915.460024557215,Inactiva,2017-09-22
997,Corriente,47897.398362204236,Activa,2017-09-23
998,Corriente,38036.71557535127,Inactiva,2017-09-24
999,Ahorro,15806.899973913201,Activa,2017-09-25
1000,Corriente,9543.395007493089,Activa,2017-09-26
1001,Corriente,6865.304502908492,Activa,2017-09-27
1002,Corriente,32918.6619624535,Activa,2017-09-28
1003,Ahorro,7551.682515832558,Inactiva,2017-09-29
1004,Corriente,7176.277500332212,Activa,2017-09-30
1005,Corriente,27483.49095053093,Inactiva,2017-10-01
1006,Corriente,25971.10734711146,Inactiva,2017-10-02
1007,Corriente,30361.35820801232,Activa,2017-10-03
1008,Corriente,5984.803684666018,Inactiva,2017-10-04
1009,Corriente,11352.50394145198,Activa,2017-10-05
1010,Corriente,5053.8278027251245,Inactiva,2017-10-06
1011,Corriente,44995.70359411546,Activa,2017-10-07
1012,Corriente,10759.001023485544,Activa,2017-10-08
1013,Corriente,6468.701390257975,Activa,2017-10-09
1014,Corriente,42366.341610402604,Inactiva,2017-10-10
1015,Corriente,6659.93459493302,Activa,2017-10-11
1016,Ahorro,28629.615831701227,Inactiva,2017-10-12
1017,Ahorro,16353.429406868825,Activa,2017-10-13
1018,Ahorro,11741.967807927478,Inactiva,2017-10-14
1019,Ahorro,4640.955094384036,Inactiva,2017-10-15
1020,Corriente,36959.50204525274,Inactiva,2017-10-16
1021,Corriente,8632.947442764887,Activa,2017-10-17
1022,Corriente,10554.551895901554,Inactiva,2017-10-18
1023,Ahorro,41066.297434414904,Activa,2017-10-19
1024,Ahorro,45997.79264003791,Activa,2017-10-20
1025,Corriente,667.647184091924,Activa,2017-10-21
1026,Corriente,22251.90457112195,Activa,2017-10-22
1027,Ahorro,2787.2839850655196,Activa,2017-10-23
1028,Ahorro,41332.07636307117,Inactiva,2017-10-24
1029,Corriente,2177.9060092373793,Activa,2017-10-25
1030,Corriente,36103.44967584873,Activa,2017-10-26
1031,Ahorro,12368.936997368524,Activa,2017-10-27
1032,Corriente,25570.18366236545,Inactiva,2017-10-28
1033,Ahorro,30812.480854587175,Activa,2017-10-29
1034,Ahorro,13838.679742363629,Inactiva,2017-10-30
1035,Ahorro,9271.992419403896,Inactiva,2017-10-31
1036,Ahorro,31184.37240108043,Inactiva,2017-11-01
1037,Ahorro,48833.736772615324,Activa,2017-11-02
1038,Ahorro,42580.58893371132,Inactiva,2017-11-03
1039,Corriente,9029.891810332969,Activa,2017-11-04
1040,Corriente,26503.74177643783,Activa,2017-11-05
1041,Ahorro,10035.363430707062,Inactiva,2017-11-06
1042,Ahorro,16748.400755674946,Inactiva,2017-11-07
1043,Corriente,27304.85845762933,Activa,2017-11-08
1044,Corriente,15287.265247990466,Inactiva,2017-11-09
1045,Ahorro,33123.1454630976,Inactiva,2017-11-10
1046,Ahorro,34765.972695013406,Inactiva,2017-11-11
1047,Corriente,21772.049582320742,Inactiva,2017-11-12
1048,Corriente,34149.349512878376,Activa,2017-11-13
1049,Corriente,19555.019529614376,Activa,2017-11-14
1050,Corriente,45967.16438193956,Activa,2017-11-15
1051,Ahorro,13978.193543467049,Activa,2017-11-16
1052,Ahorro,41059.96838900612,Activa,2017-11-17
1053,Ahorro,1647.4639305235628,Inactiva,2017-11-18
1054,Ahorro,45875.144049003204,Inactiva,2017-11-19
1055,Corriente,34116.31326220797,Activa,2017-11-20
1056,Ahorro,1023.2121293386798,Inactiva,2017-11-21
1057,Corriente,34511.350546518595,Inactiva,2017-11-22
1058,Ahorro,44.701209397018935,Activa,2017-11-23
1059,Ahorro,35879.20951562007,Inactiva,2017-11-24
1060,Corriente,10351.276385986346,Inactiva,2017-11-25
1061,Ahorro,10941.509295176395,Inactiva,2017-11-26
1062,Corriente,30338.361864359314,Activa,2017-11-27
1063,Corriente,36802.736690080725,Inactiva,2017-11-28
1064,Corriente,43187.5117839304,Inactiva,2017-11-29
1065,Ahorro,13687.163497209736,Activa,2017-11-30
1066,Ahorro,6934.159661003875,Inactiva,2017-12-01
1067,Ahorro,5091.102521872848,Inactiva,2017-12-02
1068,Corriente,17297.411720829492,Inactiva,2017-12-03
1069,Ahorro,32555.623293136545,Inactiva,2017-12-04
1070,Ahorro,31342.052114947895,Activa,2017-12-05
1071,Corriente,13836.321584011479,Inactiva,2017-12-06
1072,Corriente,14344.978987340173,Inactiva,2017-12-07
1073,Corriente,16241.560981039982,Inactiva,2017-12-08
1074,Ahorro,22554.45354982317,Inactiva,2017-12-09
1075,Corriente,47051.87773332368,Inactiva,2017-12-10
1076,Corriente,41189.70594032714,Inactiva,2017-12-11
1077,Ahorro,40762.83357734061,Activa,2017-12-12
1078,Ahorro,3811.6733441742876,Activa,2017-12-13
1079,Ahorro,29807.147267574208,Activa,2017-12-14
1080,Ahorro,5098.799266469117,Activa,2017-12-15
1081,Corriente,28184.938195618815,Activa,2017-12-16
1082,Corriente,27378.920896202806,Inactiva,2017-12-17
1083,Corriente,19137.853894972566,Activa,2017-12-18
1084,Corriente,10411.766824431212,Inactiva,2017-12-19
1085,Corriente,20238.65045138675,Inactiva,2017-12-20
1086,Ahorro,8787.642151267206,Activa,2017-12-21
1087,Corriente,38931.98152095325,Inactiva,2017-12-22
1088,Ahorro,8851.246321133254,Activa,2017-12-23
1089,Ahorro,32100.578137028908,Activa,2017-12-24
1090,Corriente,43583.014725450295,Inactiva,2017-12-25
1091,Ahorro,10767.95789589149,Activa,2017-12-26
1092,Ahorro,45307.751776191515,Inactiva,2017-12-27
1093,Ahorro,32538.298239010248,Activa,2017-12-28
1094,Ahorro,16222.663535649768,Activa,2017-12-29
1095,Corriente,46470.00448698145,Inactiva,2017-12-30
1096,Corriente,23043.5754471914,Inactiva,2017-12-31
1097,Ahorro,48389.21748224719,Inactiva,2018-01-01
1098,Corriente,5486.999850925456,Activa,2018-01-02
1099,Ahorro,2765.169606197937,Inactiva,2018-01-03
1100,Corriente,41746.61224696445,Activa,2018-01-04
1101,Corriente,6368.189306833932,Activa,2018-01-05
1102,Ahorro,36716.533346315475,Inactiva,2018-01-06
1103,Corriente,46648.781774905954,Activa,2018-01-07
1104,Ahorro,27019.600730831113,Inactiva,2018-01-08
1105,Corriente,10414.640235821736,Inactiva,2018-01-09
1106,Corriente,46749.67187694098,Inactiva,2018-01-10
1107,Ahorro,31644.10111079769,Activa,2018-01-11
1108,Ahorro,35573.61360772397,Inactiva,2018-01-12
1109,Ahorro,3495.628328531547,Inactiva,2018-01-13
1110,Ahorro,30869.37071878328,Activa,2018-01-14
1111,Corriente,7954.457389800895,Activa,2018-01-15
1112,Ahorro,49365.73422241042,Activa,2018-01-16
1113,Ahorro,16356.319515430201,Activa,2018-01-17
1114,Ahorro,8092.05348438976,Activa,2018-01-18
1115,Corriente,34001.82518987674,Activa,2018-01-19
1116,Ahorro,34667.5307732788,Activa,2018-01-20
1117,Ahorro,6465.62898647659,Activa,2018-01-21
1118,Corriente,12617.46574753736,Inactiva,2018-01-22
1119,Ahorro,38763.0742257624,Inactiva,2018-01-23
1120,Ahorro,7735.291242133236,Inactiva,2018-01-24
1121,Ahorro,33010.653777643514,Activa,2018-01-25
1122,Corriente,33836.285577694274,Activa,2018-01-26
1123,Ahorro,34042.079885287414,Activa,2018-01-27
1124,Ahorro,33836.60232963419,Inactiva,2018-01-28
1125,Corriente,41361.53065214943,Inactiva,2018-01-29
1126,Corriente,26589.750733715784,Inactiva,2018-01-30
1127,Ahorro,49117.608340505845,Inactiva,2018-01-31
1128,Corriente,45964.56901723942,Activa,2018-02-01
1129,Ahorro,31536.257238835613,Activa,2018-02-02
1130,Ahorro,5688.419159262359,Inactiva,2018-02-03
1131,Corriente,18333.722536758378,Inactiva,2018-02-04
1132,Corriente,15517.944200825412,Inactiva,2018-02-05
1133,Corriente,38463.95292499448,Activa,2018-02-06
1134,Ahorro,19794.91830152242,Activa,2018-02-07
1135,Corriente,27561.18566177404,Activa,2018-02-08
1136,Corriente,4946.487594668631,Activa,2018-02-09
1137,Corriente,44787.15518987004,Activa,2018-02-10
1138,Corriente,22917.18218092673,Inactiva,2018-02-11
1139,Corriente,24603.44235698745,Activa,2018-02-12
1140,Ahorro,45152.26275765493,Activa,2018-02-13
1141,Ahorro,37318.23718755029,Inactiva,2018-02-14
1142,Corriente,2894.784813812684,Inactiva,2018-02-15
1143,Ahorro,39061.42528722883,Activa,2018-02-16
1144,Ahorro,33212.53217038235,Inactiva,2018-02-17
1145,Corriente,18818.040418166915,Activa,2018-02-18
1146,Ahorro,13300.366620958004,Activa,2018-02-19
1147,Corriente,35371.31509790785,Activa,2018-02-20
1148,Corriente,33631.40697929085,Activa,2018-02-21
1149,Corriente,37985.57425476761,Activa,2018-02-22
1150,Ahorro,29172.440313982937,Activa,2018-02-23
1151,Corriente,19156.48056443174,Activa,2018-02-24
1152,Ahorro,28296.85357883707,Activa,2018-02-25
1153,Corriente,18676.483114170613,Inactiva,2018-02-26
1154,Corriente,27465.128485130746,Inactiva,2018-02-27
1155,Corriente,26873.59587023783,Inactiva,2018-02-28
1156,Ahorro,22739.431719552635,Activa,2018-03-01
1157,Corriente,22862.7478800418,Inactiva,2018-03-02
1158,Corriente,2099.2542268184757,Activa,2018-03-03
1159,Corriente,23078.901974877735,Activa,2018-03-04
1160,Ahorro,44915.42616496622,Activa,2018-03-05
1161,Ahorro,35453.590259742574,Inactiva,2018-03-06
1162,Ahorro,15150.53549013301,Activa,2018-03-07
1163,Ahorro,15088.855523343136,Inactiva,2018-03-08
1164,Corriente,8403.32768665134,Activa,2018-03-09
1165,Ahorro,46943.232490825314,Inactiva,2018-03-10
1166,Ahorro,32071.79421781044,Inactiva,2018-03-11
1167,Ahorro,34032.59056150341,Inactiva,2018-03-12
1168,Ahorro,41197.58351272929,Inactiva,2018-03-13
1169,Ahorro,23056.83091504867,Activa,2018-03-14
1170,Ahorro,19574.623140953816,Inactiva,2018-03-15
1171,Corriente,28849.42084185535,Inactiva,2018-03-16
1172,Corriente,24155.15955785668,Inactiva,2018-03-17
1173,Ahorro,47543.53095403919,Inactiva,2018-03-18
1174,Ahorro,573.0222750760794,Inactiva,2018-03-19
1175,Ahorro,8718.0570190791,Inactiva,2018-03-20
1176,Corriente,5571.7406502276135,Inactiva,2018-03-21
1177,Corriente,32659.988069420913,Activa,2018-03-22
1178,Corriente,27660.626844082082,Inactiva,2018-03-23
1179,Corriente,48365.26241617462,Inactiva,2018-03-24
1180,Ahorro,11680.17790008728,Activa,2018-03-25
1181,Ahorro,21986.44268941562,Activa,2018-03-26
1182,Corriente,49821.98762395117,Inactiva,2018-03-27
1183,Corriente,21072.32020465401,Inactiva,2018-03-28
1184,Corriente,45475.0391135979,Activa,2018-03-29
1185,Corriente,2431.2517241716514,Activa,2018-03-30
1186,Corriente,44090.94624347096,Inactiva,2018-03-31
1187,Ahorro,31788.95480502864,Activa,2018-04-01
1188,Ahorro,2263.3815698885064,Activa,2018-04-02
1189,Corriente,23142.833106416278,Activa,2018-04-03
1190,Corriente,35084.93292278715,Activa,2018-04-04
1191,Ahorro,24879.832175023,Activa,2018-04-05
1192,Ahorro,12585.402236786726,Activa,2018-04-06
1193,Ahorro,33545.792027338975,Activa,2018-04-07
1194,Ahorro,37795.07009084789,Activa,2018-04-08
1195,Ahorro,21962.775937499468,Activa,2018-04-09
1196,Ahorro,36186.778493928214,Inactiva,2018-04-10
1197,Corriente,17231.28121113873,Inactiva,2018-04-11
1198,Corriente,29387.92834363338,Activa,2018-04-12
1199,Ahorro,2062.299095720749,Activa,2018-04-13
1200,Ahorro,687.4860006390704,Inactiva,2018-04-14
